id,class
id_u5iqtgjzhx,up
id_l7ebzcfk5e,left
id_jbzci8uepl,stop
id_jzil0fw5vs,left
id_o7mrvf5wj7,up
id_zml59lrcpw,go
id_q4r4y1v53n,stop
id_m51nv5y01k,left
id_y00w6u4d3r,stop
id_xoc2xw2lti,left
id_55d0coqx4a,stop
id_rz4v8tbb5l,left
id_7rpmguurp5,left
id_ux94c6zyke,up
id_v1ski9iw7d,left
id_z461kcetbd,left
id_wu8rh00mqa,left
id_4luq4gbtol,left
id_ukhyqm7ags,left
id_dn2mcvni90,go
id_eng95nuwao,stop
id_ukcsmo3jgu,go
id_my1mb2itrv,stop
id_rejfixawti,up
id_kigepe36l5,left
id_a11foxrs9j,up
id_5bm6f6rw9t,up
id_89pnnmq3rn,up
id_wgi6n97wvx,left
id_24wzcdfzsi,go
id_fmvgg65vnn,left
id_9lzlomcjsi,stop
id_tfkv987105,go
id_djrllyjfm5,stop
id_sle36upk48,left
id_5mnbd9q8q8,go
id_pzb3rb6ypy,left
id_72e1e7dl3u,down
id_kzgd1hpivt,up
id_uzk1lc2maq,stop
id_bksr1nc2yl,down
id_26wi4hfhcf,go
id_ani9vt3h7r,left
id_zdlvvwtwm7,left
id_nwzjzf0pho,stop
id_6ebfumn0gy,left
id_kpi7h24mtg,down
id_75cyzltqji,left
id_cbs0cqfmpp,stop
id_3unbduyhxn,left
id_3s0utoyagg,left
id_o4c93p3dkj,left
id_xy61jmed7x,left
id_8wl2rrmg4g,stop
id_uz1589vmzm,go
id_354ha78xqk,go
id_hafyqbsu46,stop
id_pcdt0a0urb,left
id_kzyv4o67o4,left
id_6zszv1h7ev,stop
id_2ku1i75hp6,left
id_ag4acghql6,down
id_boaifsrdao,stop
id_q8l6fid76p,down
id_twzwnwvn3v,up
id_dyi1h5a5gj,stop
id_hz4nigth2d,up
id_ydfthrwqd4,left
id_yec9ksok0t,left
id_lg2pocb1um,stop
id_rjqyrtn67q,up
id_pxmex5w4g0,left
id_xquszlfkxl,down
id_w49katjjyo,stop
id_qp2vzyy9ds,stop
id_vk90r80h2y,left
id_oxfas9bzqs,left
id_2cpf09a0ey,left
id_vwu2k3cjgo,left
id_4q8n0lfvjl,up
id_mmrypzt2h4,left
id_o6nsveq2pl,left
id_20o1r6jz0m,up
id_ydwri4i2mg,left
id_m9m6slw64q,go
id_ulq8l8efay,left
id_judm8xmoyj,left
id_3xondb6nuy,go
id_w0b2h34mn7,left
id_sim1h7xkw6,down
id_zn3i6os07y,go
id_bnh10mp9a7,go
id_hyuov3um2r,left
id_xrdvaaf1pq,go
id_sp8hk8ks5z,left
id_su0d7d27tg,left
id_8gs02y2uix,left
id_2nn7idy7v6,stop
id_4nexct4ypv,go
id_ued3fmqg43,left
id_t1teq7bj08,stop
id_5jp049h70h,left
id_nyibbgpvby,left
id_xm1ktemc98,left
id_gkeexpwm0d,up
id_o1kib17j52,left
id_bgynjquq82,stop
id_3q8xdyuwfw,left
id_05ekzg56v2,left
id_7bjhijdlma,left
id_4iedde9eg0,stop
id_tdmzcb2cvj,left
id_ot89brga1e,down
id_ot2ihffn8p,left
id_yijyotuqge,stop
id_5jr1arri75,stop
id_3u39pjhr5i,up
id_bkpopbuhzk,yes
id_i4fx61eni0,yes
id_n11zpraa7k,left
id_nof6o3x89l,left
id_zb1fmdz9j6,left
id_feuc7d2uv7,left
id_hzojzavy5p,up
id_ryit8nc3ca,left
id_tsn11wb415,up
id_pfxnqsnwov,go
id_qtz8l6kus6,left
id_yweinvj4f8,yes
id_2olayqoije,left
id_5601gcqp8x,yes
id_fwkt01sgrb,left
id_2jslp196lm,left
id_b78dcn6sg3,left
id_k5vaj12o3o,left
id_qzf3pl3795,stop
id_tgx4bvsykn,left
id_54dbq9pgwy,yes
id_maxx369kua,left
id_q9jwgu7mmi,left
id_43bq2pzg7x,left
id_21edx5jjub,left
id_80yhfgqqkx,up
id_q17zi5dunk,stop
id_5ebdjs9zt9,up
id_6ryyjhq76u,left
id_j3bzse8bw2,left
id_d1ktkw5ofz,left
id_cz5lbhm6q1,go
id_plkj880b3a,left
id_yb34t6n2tl,left
id_366zcu3bo6,go
id_z1aisjr2zn,stop
id_stncy1hurf,up
id_v3as7orl9r,stop
id_5pfmtwvh2b,left
id_pvnq2s5ewo,stop
id_1ql6xzsi6g,left
id_lyn69zckyv,left
id_boh4qus1c7,left
id_0mkkz0s3yy,stop
id_48h4rr9so7,left
id_1slux0qm3l,left
id_jxd4wi1cfe,down
id_3w01gexkqm,stop
id_6h8grurj0y,stop
id_4nllt6buwj,left
id_innktperrr,left
id_rpy3r0tvuu,left
id_ed2gkvlcvi,left
id_vqynccm4a7,left
id_6bdwa0u7xk,stop
id_13zzfwdczk,up
id_j3t2j4g6v2,left
id_qu8uho9rdq,stop
id_uiicsx2p68,left
id_r6b9vedlfa,left
id_l4f3sptrct,left
id_n8q9o3ncet,stop
id_0e2aluspld,left
id_0fdkx2u4ho,left
id_qmyffxniwb,left
id_hnr8457xqq,stop
id_87wiup7b6h,left
id_8rv5kvjlss,up
id_vxiup1twlx,go
id_ero0qyje0a,go
id_dmb3tnz0e1,left
id_s8yk6t31kj,go
id_xbct93f3np,yes
id_7ncqwnlq32,go
id_z8l4o2a093,stop
id_72uyx7i2us,left
id_4yxunsvykp,left
id_jtpl24dkyx,left
id_wr2bwapqao,go
id_5w4981uvac,left
id_98y2qpu9ld,left
id_dm1uresrm8,left
id_arv5kei4hw,yes
id_hpr37mgx5w,left
id_peidzijwhq,up
id_bfoysztjkd,left
id_rf34f1jdt8,left
id_z22vtb93l2,yes
id_1zopawh36b,left
id_vale3793zg,stop
id_rxa7m1tm38,left
id_qbzpqg7x2u,left
id_tv0knr92k0,up
id_bfdzl3q84z,go
id_5lo8im7s30,left
id_up53p702r7,stop
id_9zztew8uo6,stop
id_elhkz620ev,stop
id_edzc4h40b9,left
id_0pm0pelg2q,left
id_5gc5rp5lph,left
id_jzpvrx4jht,go
id_yrtp5j7t6b,up
id_bpscw9nt4i,stop
id_r560gxap1o,go
id_bw2xck2bhj,left
id_957g84nhqa,down
id_ds1fz6wgtc,left
id_5n2n3yehuw,left
id_67dv0odx5x,left
id_3uwp5aaj8x,stop
id_p69677ybmp,down
id_qqii3jkt0a,left
id_6mjo1pdc1q,stop
id_a6vtlr4c5f,yes
id_nuggzcyan0,up
id_5n6j6bca8m,stop
id_ej43ohzpnd,left
id_nglgy3dky0,stop
id_qf1wecqlpr,go
id_r185iisfi0,stop
id_r68ihgwkfw,left
id_gkomcrciwf,left
id_02mz8mq0sf,up
id_m019z1935e,up
id_8pawt61mp8,down
id_i72u2905ga,stop
id_vl4dahbgyq,left
id_nw4y8lhxho,left
id_fpvpa41r7o,stop
id_ke5r26flhh,left
id_cvqwzmrpcw,down
id_zc6kxwlipf,up
id_0pdt5ijaqd,left
id_74ecx2o2n6,left
id_zjcp0um5u6,left
id_lk5rcn6oqn,stop
id_0bxt292zk5,left
id_d3mww3zcss,left
id_tqanj5tdzf,stop
id_1wzhca9h0f,stop
id_k9niw62qfl,left
id_f92cqzbbld,go
id_7es892z5j0,left
id_zzfvx3hkxv,left
id_7a73c8x9eh,left
id_akudnfcd5p,left
id_ggrvk85dxn,stop
id_pm4whp3nk0,left
id_t1s3roetub,stop
id_tp3mc9nzdi,left
id_dl74gc13xn,stop
id_hwdgx5hhyj,up
id_h6bc1xnm3l,stop
id_x0vp4ihae9,up
id_2ahx17r5q5,left
id_sqn440pt3m,left
id_1n5db36w4m,left
id_4ckhbi26v2,down
id_dj35z113kg,stop
id_m2fawn1dj6,left
id_ycaslfv3xf,left
id_el3l6432cn,up
id_nr4331ea69,left
id_6llsoi8j0a,left
id_64o28ewa6q,left
id_907qq2q33i,stop
id_q50fxd3w58,left
id_q4tbnaqu6e,left
id_mxbe8z6b0j,up
id_v0z9m1aurf,left
id_i4awgvhakw,stop
id_pp8huuxrul,stop
id_giklsonq7u,left
id_eigk2vvlg1,left
id_ehua5ja0un,left
id_mt10ulpfz7,left
id_cgn6yyrxyo,left
id_qn0fqjlco8,up
id_lgy5ffiv7l,go
id_ubdxxc99sr,left
id_vzrxmch7ns,up
id_a82dlmjn10,up
id_jw64w18z88,down
id_153k4n80xf,left
id_6shq9hoj9u,left
id_bavodbnjwl,stop
id_1ux5czrpyg,yes
id_rrvf2lqgle,stop
id_lf01fs8pqc,up
id_j182ae1yna,stop
id_mh1hwjw9yd,left
id_4p9fk9t9kx,down
id_jjvgnww8ec,left
id_y481s7urdf,left
id_9zw0fwa737,stop
id_zbhlzzyx7o,left
id_5fqf5cyll0,left
id_ilpzxzijx8,left
id_d95r3jwbv4,stop
id_p94ajnl4jl,left
id_zmvymuxayg,left
id_t509lmog3b,stop
id_ew1kjz9mjv,up
id_nw540avbq2,go
id_k9u5am4eua,left
id_qrjrqii5ov,left
id_z6c5o00mla,left
id_0cy4ek8owq,left
id_4qsl6ohewz,stop
id_px32noxr0h,left
id_xc16fzxa5o,stop
id_f7n5e3mzs9,left
id_iztzd6dmni,left
id_ctykw98qtt,yes
id_t2xm4clijx,down
id_fvkwye6pb0,left
id_70jsxj7n3b,left
id_ux93vmk9w9,stop
id_d4amz2w5um,yes
id_xprkszm07p,left
id_ljo1y439is,down
id_13wgt7g8xn,go
id_78n2kr7bzc,left
id_sxm53wtmcd,left
id_c6t5zyd7to,left
id_ewe8ci35wv,up
id_44nptoggq0,up
id_xz9lrqig1r,left
id_pb477za52b,go
id_xt1d3h3k71,left
id_grngqk401j,up
id_mgfly240d9,left
id_x5n1ff388a,left
id_bhvouu24km,stop
id_zcu3rjc6d7,stop
id_uhyhrbahon,left
id_1t85a4wkct,up
id_aoeojg3tzn,stop
id_9fzzpyqkzw,left
id_0qkbtrt49e,up
id_1zwg9j6n7u,left
id_8q1baxh5gr,stop
id_nbvxa4erxi,go
id_fhc83n2mxq,left
id_o532dn051w,up
id_ftdr5tne9q,stop
id_yi1z5lngyv,stop
id_6v17iz1ebn,up
id_pz8kpe8nac,left
id_8ia1ou8517,stop
id_ailw64xxle,up
id_xnhvr5qmzc,stop
id_5kaja6sfgk,go
id_hhsfpp0c6w,left
id_c3cydj3rl0,left
id_i4d9yg56rt,up
id_tbje96j2qe,up
id_56hrfq0vap,left
id_ezls7n0xk8,left
id_0z82bnw1di,left
id_r5peh32bvw,stop
id_k62nu0l4mk,left
id_uyj2kndfk2,go
id_143r262yfa,stop
id_7g5uquqsxf,left
id_chvnxny51l,left
id_jolzejhrng,down
id_gjemsg9qjb,up
id_szw65tjizp,up
id_zksobpzfla,left
id_3h5mm740wt,stop
id_oif4q4w305,left
id_t8tef3s6ut,left
id_ybsuois17x,go
id_ns7214ck5z,left
id_fyh5y29xfq,up
id_azitzczs9u,left
id_0kzbffmne1,up
id_b4aubukvqd,up
id_todmsx7y48,left
id_sx7u33118i,up
id_f8atj10jgl,left
id_fxw9kyyz3p,left
id_iv4kh10dke,left
id_mnkggqvkac,go
id_yatgpx16jo,left
id_p4mn7e569a,left
id_f8y1i4fl8d,stop
id_tpuzry7dr7,stop
id_g59pvs025o,stop
id_2oztxwaipw,left
id_0152bswnhz,left
id_6j3q07t82f,left
id_fjk6uo4xv4,stop
id_h63kxh1dmr,stop
id_s1fdc2rl2e,stop
id_wbzlkzx7i0,go
id_bmo3iqv868,go
id_revcb4lcy3,left
id_n5ipsnejvl,left
id_h2xoz7xelo,left
id_3uns5qk9fr,left
id_xkji56l41s,down
id_jvs1dz2jiy,stop
id_obxy2ok5ke,stop
id_alsacuo8be,left
id_gy9hz6u3lk,up
id_tls32oehku,left
id_pttpoxhv0s,left
id_rylv9cipt4,left
id_ju35ex2t4f,stop
id_6imgmkq37u,down
id_3lyz6sf4dk,left
id_zdkanx9b7g,stop
id_azsairbbsa,left
id_25ifr8arfe,up
id_cw24m9w45x,left
id_r5ds7etz9i,stop
id_24zp4ghwvn,left
id_1p13amk104,go
id_p7r3r2pl2o,left
id_nbrkbi3r0t,stop
id_8o01mqzpzq,left
id_rnaje05stk,stop
id_55ksdoj16r,stop
id_yrcabwy8lz,left
id_vy4suhtjcs,stop
id_cwfnkz2ng9,left
id_xnjm22le4f,go
id_ccxuo8hw6r,left
id_4pit1tuy7a,down
id_ocyj4faun1,left
id_p0nfpvzu2x,stop
id_3lgvygclom,yes
id_4ck7rv8jcl,go
id_sqtuo0xl5i,stop
id_appwcjtrne,yes
id_enqroih9d9,left
id_a5j2rjjkmq,up
id_qhs8eyzut2,stop
id_qk8h2aq76z,up
id_w7xhosfs3y,left
id_e762jnxwpz,stop
id_1got5y85ye,up
id_dw01rqk0tt,go
id_x1bym972no,stop
id_51t44mis2v,left
id_uumiojdyeg,stop
id_6jebivqtje,stop
id_es2a7oml5b,stop
id_s6ylb9jqbz,left
id_cb95utrs9p,up
id_p4mi99bsdl,left
id_ec18w0gsjf,left
id_1h0zcr9jrl,left
id_njomhrzssb,stop
id_jg83ixe61c,left
id_bi5dhsbjo4,left
id_qy01h75eo4,left
id_3fgd3tnv48,left
id_vtpoqyxoku,left
id_51edudc5w5,left
id_0ho7hhg24a,go
id_329gujij0b,left
id_pzgv0rrpm3,up
id_9qui5fse31,go
id_4s840dcolf,go
id_9n4c08yxdl,left
id_3lm7r4k0s2,stop
id_ir1mlv0m73,yes
id_2p0uvgqe1h,stop
id_lpbs4qlp3z,down
id_oqh0rncdof,left
id_vnaw20wif3,stop
id_ciwps80atu,left
id_y3k0ri3w00,down
id_l298c8o4k1,left
id_jyqnsbppcv,down
id_w0w0zrfk8a,left
id_jyctvm8cr7,left
id_5l4az5c6bu,left
id_y4inb2gz3z,left
id_o8dh0gkgjr,go
id_secwslclfx,left
id_dql1ypzqzs,go
id_31bcoprzrn,up
id_f92h6zid10,stop
id_dtpswdoo6s,left
id_mp3kddh7av,left
id_1dlc0j95oe,left
id_jkmngckeqz,left
id_1u9k1gk111,left
id_30ym9yzrdj,left
id_bn50avs3jx,left
id_1nzlzfg0bw,up
id_lomzbgx42t,stop
id_83nfwrzzv2,left
id_8kxz0j9dk5,left
id_ngkzfysa01,go
id_kqfgukmpld,left
id_mn6otrxurv,left
id_z5acgwvypb,left
id_99yuvwiph9,stop
id_1ykwdzezrb,go
id_u59hcvcbn0,left
id_4lth8xirm2,up
id_4zf6svidih,left
id_y4bmdklqnb,left
id_wt5a4k7fsx,stop
id_4o2g9nwmvm,down
id_sojujxhpnq,left
id_w590fzhrwh,up
id_7d5x3n7jyf,stop
id_n69lcpw9bq,go
id_2gf8q31okm,go
id_7qoor8x0if,yes
id_zr3o5ww10t,go
id_9m3k3gy957,stop
id_qyfg3tagw5,left
id_o5l5yxqep4,left
id_cme4nmch2h,go
id_nww93n4t2e,left
id_tf3ue8k03p,stop
id_25qttiam1e,left
id_ngmd3lnfzi,stop
id_2c6acenf94,left
id_9smua1gpkd,left
id_g02qq8as5q,left
id_xcw3z5jd9q,left
id_p18dsv6y79,left
id_oswslo30dw,stop
id_xlvr59mo97,left
id_ss1ynmi95m,left
id_i2rgzm8zap,go
id_1ri6f8k7u7,left
id_164myxo1z1,stop
id_qkjktlklhn,left
id_qkmq0vxsrh,go
id_m0vy1009pq,left
id_f3404m1k2o,left
id_zftdz57u8c,left
id_ambarxoeuv,left
id_p23jyi7j5f,left
id_qq59av8juz,left
id_ohcanvvaa9,stop
id_mab7zy2913,yes
id_v4ybzgdf9c,stop
id_b0m5pb8tdu,up
id_sbt742knk9,left
id_n9xcqjbj36,stop
id_klgou9nxpd,left
id_zpmbutd0k6,left
id_xb5207bc43,up
id_7ti62uoyxx,stop
id_k25u9hxob5,left
id_o7wlqw62hf,left
id_5xia3o7i9z,left
id_6mifh7mqky,go
id_397cpk9zhp,left
id_mc50v3v1c8,left
id_um0rnqn8ul,left
id_fns0a6ie3z,left
id_wf85jlm6dx,left
id_sgvbmps4k7,up
id_7ovodr4t8y,stop
id_2801sv28c6,stop
id_gzp9rndcrw,left
id_04z9gmkdym,go
id_xhbq8p57uu,stop
id_1vataubgnw,go
id_lcb16y73tw,left
id_wusjvhfjwr,left
id_qlxrff7833,left
id_jnk6lvhcat,left
id_eb1262nyt0,go
id_3sqhd8uthb,stop
id_7c9w45e1cn,stop
id_p6461lmv5p,go
id_zi7206uyw7,left
id_8savh9jteb,up
id_vyzq1bqf41,left
id_srt0deon6c,stop
id_z1el96oc45,left
id_apir4k8xaf,left
id_u25deivhw5,left
id_0t7n8z1o98,left
id_my4s7iabmo,left
id_eu5ge02z07,left
id_b6z928d7ew,stop
id_r21fpbqg2j,stop
id_1dk9f12n4n,left
id_ye8fcmtzx5,go
id_elka07qjzh,left
id_fq9ll9hnle,left
id_egti7oj9a8,left
id_jxnoj30ze0,stop
id_0oo77bno3s,left
id_ibbvdcntyq,left
id_yw1a6z72t9,left
id_jn6rwv4qlm,left
id_u52vodrw4j,up
id_u7coz1pqi0,left
id_6m73ixia2x,down
id_dsytce3ytr,up
id_vnql1ynxta,stop
id_8cd8ffaf9n,yes
id_ju6v3i9y7a,stop
id_j3yua1fsph,left
id_bb8tds4nak,yes
id_in0jp50747,up
id_1anjsg0d03,stop
id_pe3pi4hkif,stop
id_uw8gr4k13g,stop
id_zs2vd447l3,up
id_3cdtv93tg3,up
id_dguoup7ev0,stop
id_mt2blyrfit,stop
id_s7bo4y09uo,left
id_xr6b3m4ngs,up
id_4c2x2t615m,left
id_tpq14kzn2z,up
id_bq90eubh1u,down
id_7krdktu76e,up
id_ls4b1pagi4,down
id_hbr1x9youi,go
id_g9q40fo32r,left
id_lludd2nvex,left
id_2qi8p151sg,stop
id_rktfcozpbh,up
id_9flm4qxyyo,left
id_uziy4gkpd7,left
id_qk5avhwuvd,left
id_sueqnmyq5j,down
id_ed3pi4j29s,left
id_g494znb7qr,left
id_ypmy2icotf,go
id_xfn4vokr8e,stop
id_37p4cnzag9,left
id_2xfalikl6f,up
id_yav3juoyp0,up
id_pc8oz38wdc,yes
id_yp5htya2x8,go
id_fwbnmjhkjd,go
id_3gy9uue5w9,down
id_hbm7ivoh4b,go
id_69qdi31l14,stop
id_4l5y642a2x,left
id_997fnrr26g,no
id_z8iotxirn9,left
id_9c0lfpufhp,down
id_nt6cwhccho,left
id_q09g7exk4c,stop
id_vijinyrj3j,left
id_v6wel9ic9m,left
id_w3g9ds4lp8,go
id_gav7yer241,left
id_rnqie2vy9q,yes
id_rqvzlupz37,no
id_rve4v0eg0e,go
id_37jdcy5us5,stop
id_vyw3ppten0,left
id_z95bv7wxuk,yes
id_0vjo9x7fsf,stop
id_j45ls4pufr,left
id_cmnywhlofs,go
id_30530c6x2k,yes
id_mivb722nwu,down
id_dr8hg7193v,yes
id_694lf3u9u2,no
id_6rhouc9jvh,go
id_6sxtf9cion,no
id_ckvr2h5dnq,left
id_0iljow2133,yes
id_wmb0oaqijr,go
id_swmd1gyqd8,yes
id_idkhipd6bh,down
id_u4or3jgq97,stop
id_tq4ktorkjl,stop
id_d73yk1ohwe,go
id_zzm5uwy9b7,yes
id_kfhsoi09ks,right
id_n3ufane5ka,no
id_8ghdamozil,yes
id_7vjsn4znhb,no
id_p1rz5bwykt,right
id_9ls2fatsrm,stop
id_hry6f7py6y,yes
id_dwdr7ubzgq,left
id_vnyrvqjbpx,go
id_8pyssuw5ev,go
id_cahz7h04zb,no
id_pih1rocq25,no
id_kx269hdp91,stop
id_63eaww6bei,down
id_4lrk7sae8r,no
id_bx6035ib9x,up
id_4nt5qf0bkn,down
id_f83whtpabm,left
id_a0u6w3q2b8,no
id_izqgyed1z4,up
id_u2kf9dxdys,right
id_brcey8cjdl,left
id_tt9s81t8mf,up
id_4yuw8uf9cu,go
id_97luv4txxa,stop
id_7cas8igfql,up
id_abit0thkmv,left
id_fexknrpykj,no
id_lfeodi3c1u,yes
id_lnbyw9ue6m,right
id_65u4i6u0nk,yes
id_ee3oc9paye,stop
id_gykvwvxn8c,no
id_5hqezblaru,up
id_ibqdgckwvn,left
id_jl6dzthrsf,down
id_t04rd3bpcn,up
id_85hsldzw48,stop
id_5i8dmfe7ur,down
id_o1b2w73xep,yes
id_hpsgpzkuon,go
id_z33hv4cwy0,stop
id_0vm1rdii8u,no
id_qqiutzgjpn,no
id_179nhmrt7j,up
id_0tkoaiov31,no
id_qrnj0douap,go
id_sdsf8db3te,stop
id_4dkwi5qyqm,go
id_p8lb4ap1zw,right
id_qbmsd399jz,stop
id_nw2w527veo,down
id_thfql0faz2,down
id_8syzo6e4a4,down
id_ierhu3vlmu,up
id_zbol8cns5g,stop
id_ff2zwy385s,yes
id_vqawvqpzxt,no
id_5p47sxgksx,left
id_lsbtkx8kae,right
id_r2hxyn6rwa,up
id_ud53c9nzie,up
id_1899vp271a,go
id_eq1n9t70m9,go
id_tgcllgocyz,stop
id_hvzc7bz3qp,stop
id_7oq67jfjr2,go
id_k8p6czhzmi,go
id_q0t9lcl675,yes
id_h3orik29uk,stop
id_s7osjnzvx6,no
id_ey7vu2ad77,yes
id_jb9no6so3i,yes
id_5kflrocvi3,down
id_e9uwktug03,up
id_0k2954v7g2,right
id_glimglsiu9,down
id_brzonhgrct,yes
id_846vy0nx20,left
id_o7wf4g0jko,no
id_333l6erore,yes
id_dm3lqg39aq,no
id_h39i1i6xbb,down
id_wdw9q5aaxm,left
id_of0okxtzi3,go
id_ah0bm6l6cf,left
id_o8532zzl65,go
id_bn5j6mxgsl,stop
id_ptfnmfkmk0,no
id_hm2iowp9wa,down
id_dlxacw47z7,yes
id_rn8v8q1oqr,left
id_tp0alf37ug,down
id_5a2cqqg3y4,up
id_nl8jlcrqo8,up
id_t1viku3xx6,go
id_45r96yv6w2,no
id_vmhd6etqyb,right
id_w7bd02ocee,yes
id_yj4qt9pmrt,stop
id_zsl8oecg89,down
id_lz5qss55x6,right
id_bxwaifv1mv,stop
id_r6cl4tjw3c,yes
id_6zgijd93s5,go
id_47zxbdc56c,up
id_mooogs66il,stop
id_qdjslpzny5,down
id_ana5szf7ku,left
id_x12wv4i9w3,up
id_yvyb8sg8aj,down
id_c5sy4j19nm,yes
id_um5erqhdtr,up
id_yclxldzgfm,right
id_o45apkyhvc,go
id_g27ccibs8n,left
id_j07enjqalj,stop
id_fmckthl3y6,no
id_81yclquhbm,no
id_f88d39qjox,stop
id_hz4wvngqeb,right
id_whmy7388bk,no
id_wmqi9kc0uk,yes
id_ram6uq3zjz,left
id_nzke315v7s,right
id_q039ctge13,go
id_n20sl5vv7t,up
id_noj6e3twzn,go
id_7iq1nbnjrd,go
id_h5hc0uwxcg,up
id_vz9cfjyae1,no
id_9it8s8f5cf,yes
id_46autolwja,no
id_xvoskg5mvs,yes
id_pqgq6ykt0t,down
id_wujn1sgbjy,stop
id_20ydlfmd4c,up
id_idjn7u9uym,stop
id_q8k2vd63cv,down
id_vy7yti4g22,yes
id_vn2zdlxsrf,go
id_egydvik195,left
id_v204o3ylm0,go
id_8ods1k2snf,right
id_69opeyx8gb,go
id_za6dmp3s33,up
id_wwjc25tc8t,no
id_izgayc74in,right
id_rg8cibjws2,up
id_ko7eii4lfd,left
id_nocutidpe8,left
id_tuv6ynatod,right
id_wldf9205ph,no
id_9u9y2zoj0a,up
id_k5ljrxgc5i,right
id_9dfacb91ov,yes
id_dt5syooqpi,yes
id_xcdox9g7ha,up
id_17ijl0n0wx,right
id_iy71twjnvo,go
id_1ex88l2f56,stop
id_gme8zjm9d4,up
id_dfdhv2c0t1,go
id_hpqopvp90a,no
id_g71mv1576t,no
id_ig1crmghmk,down
id_ihd84igu1x,yes
id_lm5bsd2xm8,right
id_j5yy9gjo7v,up
id_dq8exjd0bx,right
id_yda1wxonma,go
id_gi5wuo3sil,yes
id_zydtgn2z3r,down
id_698yuu5xzt,left
id_br345479zu,go
id_hgbnprpuoe,stop
id_c8qxapx8zy,right
id_rzftxt71gn,left
id_6w0e8nkocy,up
id_e6gkujwvxg,down
id_qzi63zfvyh,right
id_rsv0na1e2q,left
id_6y2svpeeh8,up
id_4t919jjoqa,no
id_mr6kixaxt9,left
id_kmwqwudgt4,up
id_6qgmm7q5hl,no
id_1vaibaxqjj,go
id_6slsb4k9ov,down
id_z5v7vfp5is,down
id_esfli0w5s3,go
id_uw8m0qmped,right
id_ggwzf8l309,left
id_ua15ms9iu7,down
id_7t55yjb08i,no
id_grxf095zuv,up
id_5sd6p07ack,no
id_stjedp8bss,no
id_zj9ijhz2ji,stop
id_p3zxmj7eb5,stop
id_5yfrcku68s,go
id_bit5zd57pt,go
id_zbxa5jhuel,no
id_zabt8l1z7c,left
id_vpc3yvu3l3,stop
id_0sx7e5tu0q,stop
id_ts8h54m0w4,yes
id_1miceege1n,no
id_j3zmm3rqh6,down
id_3hxhjuanst,no
id_vk49mzyue2,right
id_poaehgqmvu,up
id_52sr1s8s2o,right
id_3gaa07iwvr,right
id_xtoitjk5w2,left
id_2ovqxkq2of,yes
id_tkex9zbqgh,stop
id_cm9oazm92f,right
id_acgplxzf9l,no
id_0u9brsg20j,no
id_vb8ahc3nqh,down
id_sc0loiqzik,no
id_9kxkm0a0nn,up
id_i5ajsezt2d,no
id_xpklarrhfa,no
id_y86vza7vvk,no
id_6trymewbee,up
id_x6yficn86i,no
id_3ftn18v25w,go
id_eqesuamelr,up
id_txdermg5iu,down
id_cxxj4rhj0o,right
id_2jtdgkc7tq,yes
id_j1gfcc32rw,no
id_nhho5j6dtq,right
id_cpdvhaduzn,no
id_6fgyzyt21s,right
id_j46sg6a5fe,no
id_cjegw72h6o,yes
id_k71wl269ni,down
id_hpjsak27hu,right
id_jjodtx3itl,yes
id_yoj7t63m7u,yes
id_75ykh9owbf,no
id_pefc0t1rvf,yes
id_cyb2tkxqnz,stop
id_771j6qan5u,yes
id_rk70f7my2i,stop
id_dya24s8e0t,down
id_ysvgq06uxz,yes
id_0vps3ocutd,down
id_3g2xcgnuur,stop
id_bkd1m9vmb1,down
id_xgdnut0foy,up
id_0m4mtzp1q4,stop
id_zntavxytuj,up
id_gdlc3h483x,stop
id_fy9fx60ejm,go
id_mjxmjddy22,stop
id_cyl59u4c6i,down
id_ppbslovy7m,right
id_wga3qjnk2q,no
id_yzgq9bszbs,yes
id_isrvncad75,left
id_fehos3roh1,no
id_lvvh88gvru,right
id_hf1x5idwmy,down
id_jnxl4q0hjd,right
id_imvkfswtzz,go
id_dmm0lzwjs8,right
id_yxq6wb6ner,yes
id_tibv2i039l,no
id_tl9bqg551e,stop
id_pddr30hr6l,down
id_o0pfq0ul2k,left
id_rsob5hbm4j,stop
id_sf04h0atf8,yes
id_tgry7zb5m5,yes
id_hd3u7zp0f9,left
id_6l7dnhgrf4,down
id_haug5wdlf8,down
id_jwmwkmbol1,left
id_cvmuvui5dz,down
id_jcebvsjb52,down
id_1kium1i3ll,go
id_dyyl9qvkum,stop
id_tqno2589t7,down
id_698nldgjiy,stop
id_vl48565x4w,stop
id_l8yvuubqcj,go
id_jnpz64jhm5,up
id_5pjx0mpt5y,go
id_oub00baj4x,down
id_pul60j3hc1,up
id_dswdaunwri,yes
id_p2saxgp1y2,go
id_y9c2spyxan,right
id_bs3cihg5hg,stop
id_7uzo2vl33y,left
id_iuhcukt2yl,up
id_ymrcnkohnc,stop
id_ghl9t1rbcb,up
id_gw1cn7ivg8,no
id_fuwg0wsayc,go
id_0phraotr8q,go
id_p02a5r4zni,go
id_tsoiz30oq6,left
id_ade1gc0g73,yes
id_1p4pwqhp54,stop
id_5ikiyzeuxq,right
id_hugiy4nnjw,yes
id_gxxf7rgyn6,left
id_0ddpx9x22k,left
id_t7uypv18u1,yes
id_bjeh74v8p9,up
id_m01le4h7hs,go
id_6mjm2omy4q,stop
id_0m8iuigkde,go
id_ffkajcziiq,right
id_r45fdb9awc,go
id_46iabmcs4c,right
id_8au9c7sz0u,up
id_ookg24g7an,up
id_t5bagljpw3,left
id_vx0sdl7k7n,left
id_bx9ajaajmm,stop
id_apnjwwc21f,no
id_9iq0v7snje,right
id_qpi67xlktc,yes
id_72mt4zbglp,down
id_jxdbgr9o94,right
id_bt1rrbomqz,right
id_pilpnne58x,up
id_fp7qscy2xz,right
id_3hhu5t084u,yes
id_0q2fkif2dh,go
id_crw54sfpa3,yes
id_yozjro52dj,right
id_uqutd6bqen,right
id_t26aoedtxl,yes
id_vby674cqmr,up
id_i2fqo0ncrr,right
id_r27ccv6kb7,up
id_4ac6yw5u1x,stop
id_5dy99np1d0,down
id_gyemaq77ye,up
id_dwi3utkn77,stop
id_a60d68l5ex,yes
id_dqhkjpeejx,go
id_ahff0k6kqe,no
id_y3nkdl1eh6,stop
id_xhbwt7pyli,stop
id_69aihh2oq8,no
id_5f3oomu4b6,right
id_z4vu92zaed,stop
id_np2d5njda8,left
id_yzrps53h20,no
id_1rk6jaw068,up
id_9dgt6pwvmp,up
id_lxjbcjvnys,left
id_kvhex8f2dq,stop
id_5nv5bkftwo,go
id_bww032oeh1,down
id_829zansf1o,no
id_xbd9npkkre,yes
id_njsjred97j,stop
id_9jyu04dek4,no
id_l9x8dk5goh,down
id_6rdoj21fea,down
id_f1elw9w71o,up
id_mqmrjg9a7h,up
id_ptkctiazwo,right
id_pgx0gvbo62,down
id_8c4r95j6k7,up
id_kolggek2ij,up
id_0b4nxl6wah,yes
id_aun23qa00c,up
id_kj7mfvs5ob,go
id_u8hu28u6i2,stop
id_2xng3zv28y,right
id_pdw2yozoe8,yes
id_9vz58hpphc,go
id_m8mflcsqwa,go
id_l8zx4nkhnb,up
id_dr6frcntlp,right
id_o7v13plpvw,stop
id_gejzhnj2h8,up
id_abflfikayn,go
id_q0lw7yn1bx,left
id_3zwngvhgkp,go
id_68mtbvwjil,no
id_top9rx85tj,down
id_y3anity3go,go
id_eye5agjb1k,go
id_e265aqzx70,go
id_oyi6hnlri1,down
id_0qgkcspo9b,left
id_ksedtrsnoy,up
id_e7p8lg4uqz,left
id_r0aj3om4pq,yes
id_im1exrwnak,left
id_b1ax8waov1,no
id_do7bnkelrb,up
id_6qcaw7rt86,down
id_h9j6xvnun5,go
id_82y0kztzbb,go
id_lmv42hd7t2,up
id_s7d3ua1t75,yes
id_7fn7q29rwf,yes
id_gs6lziiti9,left
id_2oe1x2i6oa,no
id_5j6fneyiqt,stop
id_0jbt9v26ry,yes
id_puplc6zvvx,up
id_eynqgpdfnb,down
id_038tej5oi7,yes
id_q9pap3vnzh,right
id_bxybhu2msr,stop
id_3hybeghd5y,up
id_4aljd41a9n,down
id_txacq3gj6g,no
id_ra3ecga1mt,right
id_k2qnrwaxpw,stop
id_bunvznapxe,stop
id_y19gv5yox5,no
id_r9nugars35,left
id_75fh8cpot0,right
id_7eimfewqzw,yes
id_xp7zyfymj6,right
id_ep5ga53fhb,yes
id_w1c1nxkqyz,down
id_tat5lhdy6f,right
id_x7uln0x8r3,no
id_4qcun0rsyk,right
id_h6imix3qij,yes
id_7op5w6nf8h,left
id_69bonds4mz,left
id_aqsctaoet3,go
id_ojopduzbr8,down
id_ybbbpwboik,down
id_k0d7vdme55,yes
id_9d1ytg630f,left
id_8l7nqq9j3q,yes
id_zu81c6gx62,up
id_aycmk2gpke,go
id_5n8jwoha76,down
id_1u48i94y7v,go
id_rnqdrkt78a,go
id_cajd2lkjtf,right
id_02u5s526t0,yes
id_igswn4cifd,stop
id_apcvbuz68f,down
id_1ix17v0avq,yes
id_p8rf0d5g6r,go
id_4ittjtr9s2,up
id_rfkh3zegn9,up
id_rpnl7kj5v3,stop
id_4k363kolww,no
id_eya6cf6gla,yes
id_vdgug27auh,go
id_blrd7k24sh,stop
id_hicrv1g5zg,yes
id_i75cvi4p8y,yes
id_02ggghapnq,no
id_ii9urvk2h4,no
id_c8chs173x2,yes
id_z1vif1cdh2,no
id_pgxx766t4r,left
id_h0oh7wgh6h,no
id_7z85d4er94,right
id_h7zbl640m9,stop
id_7cflf83bt7,no
id_stdo0lgsg2,stop
id_goxyslv9ho,right
id_14ib481atx,left
id_zdbybhbpru,right
id_rh693h3pxs,right
id_7638hfxhbe,left
id_j9axuii821,down
id_t1l1x5gktv,left
id_kb2t3z91w3,yes
id_rglmg6x4qb,go
id_w7c4p1rzdl,stop
id_ioxihgobc8,down
id_sm4l1v5cl5,left
id_ug1ejj5i46,right
id_5y9t853ir0,up
id_7jcms7mewz,left
id_gri6keuyt0,yes
id_n7m4m5b02v,right
id_9u7igcyav8,stop
id_dapoudv4fp,right
id_4j84v7vxuz,left
id_ib1rfdrhav,yes
id_esbzvtre5t,no
id_cwahcfxjsm,no
id_9syj2ozzbl,right
id_0c7a5qkqpe,yes
id_6k7wsn1dbe,stop
id_rdnl9m1ihv,left
id_z85crki6ac,go
id_ad2nm2pn3c,stop
id_l33ozpsnkr,go
id_lmhsvie58h,go
id_nyfdmdkkfx,yes
id_xfo19v5pwr,go
id_2wtzhgaore,left
id_ob8yw5xn22,right
id_w6zsh8jees,left
id_y2mxhged7d,right
id_1mw382ls86,left
id_45dub10jd3,left
id_2878mir44l,down
id_8hff6u5x4c,go
id_h3vdewwn1d,down
id_6wecwjce0o,no
id_k0ulgt724c,left
id_eqjmm54g1d,stop
id_mb4wbkyb72,left
id_dte13pq999,left
id_o1zk4zxh9u,yes
id_e407gvsc5r,go
id_96bywi2lu8,stop
id_69hfwng1td,right
id_phpqoqhfwn,stop
id_ms28qrts3e,right
id_fv37kkvhf8,up
id_z5qnx1cjfr,no
id_gxvs23lo3b,down
id_4ybux3jk3j,down
id_ejqw1yzlc7,stop
id_cf9ynm7aql,go
id_0updc2842n,down
id_0vmw3c6sco,no
id_9xw7a9kl6q,left
id_q40xprfu3u,up
id_ebefiax1zh,up
id_ghah37qmnw,yes
id_fslh43wo6n,yes
id_dz9roarelc,left
id_wxftpdk3c8,left
id_9r6lrg56e1,right
id_klv11hso1a,yes
id_blb09o8fut,left
id_b0ejcewxtr,stop
id_bdyfxg6gxc,right
id_zsviz9qgg7,down
id_w9t3jriec8,go
id_wipr2j98d9,no
id_k5wcmivvar,go
id_qbt3rkn70f,stop
id_6orl03rojy,left
id_3gttkz8uzq,no
id_84jgtplyyo,no
id_d6inwbc28f,down
id_ej27895lly,down
id_6t533jir9c,right
id_glcal78309,right
id_1dzmagjble,no
id_4uccbflx0s,right
id_45287cwj7q,yes
id_y3eys1292q,up
id_mycemzp51s,left
id_jifgub87eo,go
id_o1xjbv9udh,down
id_rp5kv6y5bp,go
id_7wp13ikf8d,left
id_309jjkf6xo,up
id_9utyt3o1nv,yes
id_229i0dabzw,left
id_yu6uwkoefp,go
id_3vc6qd8ibf,yes
id_kfcuz2xqdc,yes
id_z8ziikhhhi,yes
id_wi2d9iexx9,left
id_z9puldljmz,right
id_1njkhlc39y,yes
id_7wkr6h2ya3,up
id_gqg06ss0v1,down
id_0280bl7zvn,left
id_7n73mjbm7s,down
id_ueixdvrcwq,go
id_m5eisauwsn,left
id_rlvb7ea9fh,left
id_vftgq5tu9v,up
id_himjf0ehg3,yes
id_gjxavq5ztr,stop
id_yan8r8b4s3,stop
id_yqqy5xw7bt,left
id_42b8gc4opm,down
id_8gmmbnj18q,go
id_7tlqsc3f0v,up
id_od8wohq6yj,stop
id_70cvrwl924,yes
id_49i23xwfda,go
id_fdisnh6why,up
id_qqs1vldf8p,stop
id_5ikzj1ltfd,right
id_3qzhvo05os,stop
id_imspfo0bdw,up
id_fqjodao69p,up
id_6wjfk2346n,down
id_gxzsjg1g8t,no
id_j7roh7u9z1,down
id_z5lcz74orm,go
id_0bn4vnws89,stop
id_hpeve4xb1s,yes
id_hsx8rmn72q,up
id_vp6kc0miyd,go
id_6swdtpcd5y,yes
id_qimxqe6n3c,go
id_10bor0ozws,right
id_hm69hjw11s,up
id_tlf4s0lwqm,down
id_wj86br14lh,down
id_c3ovh0eqgg,no
id_19nk0iielg,right
id_pv3jovnrgd,yes
id_uatyijpfp7,no
id_1g77y8qt2f,go
id_1mytb4tv5t,right
id_qlyjupcpjy,yes
id_ghfbsfjo69,right
id_figiskmarh,go
id_ua6fbmcttp,right
id_ypv7yum7e4,stop
id_0geeh82l1l,go
id_lyu0i08c8l,left
id_o57aapgb9a,down
id_n4zren8gz0,right
id_nxu1iwpsnr,up
id_53ifnnkexg,stop
id_47u9h9ndl8,down
id_wqfk6k1z54,down
id_0629wztoqc,right
id_y7b5qka3s0,down
id_014a4sc880,right
id_q1o98jh8nn,stop
id_27dpz7s420,up
id_5681rgd5tz,left
id_av19lx21hz,down
id_j4vl1zo07x,left
id_p2nr48gke6,no
id_cvfcb1kv4q,right
id_g8h9y9etmm,stop
id_68t84alzrg,no
id_9j6kq9sekf,yes
id_irzevtzz2l,down
id_636ydt92y8,no
id_87eouq9een,go
id_j4tx994475,stop
id_qq9z6slts8,go
id_kt7g24043l,yes
id_b7j6hf6dz8,stop
id_iwg57x6sl3,right
id_tjnbw2rara,up
id_ye10rjuddm,stop
id_8dgclmh1g2,down
id_3ig0g9atwx,stop
id_qqf7xqtjsk,no
id_bz4i3nobz0,go
id_sotc9m2f5v,yes
id_l1rgf9ydna,stop
id_8ze0beky88,go
id_f2qeua19sb,down
id_9jrddfk6vy,yes
id_44k4gpxn6m,right
id_j7ill51kii,yes
id_dhwgoybarb,up
id_6mx4tvizlq,left
id_a7wt7vdqa7,yes
id_jbujhod026,no
id_zgi0k6w6du,left
id_4w6rn16l09,down
id_1ur35rwz87,stop
id_19m9c3jy6z,right
id_3nit8ym4h3,no
id_95fb2vtxwr,left
id_1bwnvptd2d,down
id_blqt83q7nw,no
id_qm1cqhnw19,left
id_drxk71srpx,yes
id_l3mt3aide7,no
id_896aikkgcy,go
id_o70ppw9bcb,left
id_1xishj6o0b,up
id_7qk2fkcsv3,yes
id_nzp7ts1j2y,no
id_a9ztajni0h,right
id_cai8tszjiw,up
id_u663lttamg,go
id_90qs4vhocq,up
id_8gkkg0f4ur,down
id_ztownhbyfu,up
id_egi8gbrcng,no
id_rl1gwhhrsw,yes
id_ugd0drbpou,no
id_co6qhvu765,right
id_srpb8moh4k,go
id_5oai6uli1l,right
id_cikj6kso4m,right
id_8gta4c9sei,down
id_8f4nx6u7eu,go
id_yvl7npnp6d,yes
id_h67stcc4yz,down
id_3lnbhwx5kj,right
id_lh6s16shlv,no
id_cie5775vgi,left
id_n837u73nr7,go
id_cw90mcwkfz,go
id_5zx08hi2fb,down
id_v2kvksftfr,up
id_wmobgpzynp,up
id_qhy5ox8php,no
id_2uu1wuzwqq,no
id_2xcryo9zsz,stop
id_uma7lwa722,stop
id_r2r87q0tmu,yes
id_slm3ip7dgs,up
id_fzdtkt8l3h,yes
id_fndjcjo7zk,up
id_hfij5vlr2w,no
id_j1wvkmrl1a,go
id_try9128sr7,up
id_faf48we9f3,up
id_3pcspyi7u7,right
id_cybunra8kh,go
id_6c32qrxyez,yes
id_prizhsvxwz,up
id_9odnc3w2th,up
id_mlw120t2mc,stop
id_ydzlthjfgt,yes
id_iycva1slu1,no
id_vrnk8hiyyq,up
id_8ovk1lsipt,up
id_eejsvl9ngw,stop
id_h469t77r6x,up
id_89zdv1lm5f,right
id_f0snda8ppm,go
id_remtet6fve,no
id_s4gmjow3bt,stop
id_cuob0og7co,right
id_4miys7btap,stop
id_mng52rldsi,go
id_ntlui2603u,right
id_dl0g68kpz1,left
id_hu9zauzlvv,go
id_gwp7mo6lbx,go
id_9li7fmnjns,stop
id_y07r5u5clh,stop
id_y4un71apq2,right
id_bodlscs5i1,yes
id_2etrgp98st,stop
id_7q5xhes0x2,go
id_jj1ptp2z8w,yes
id_g6deukc51r,go
id_xe7cjtad3f,yes
id_wxvbul1ofd,go
id_bjxzjcirmq,down
id_ha9b7z9bo1,go
id_5g71j0crth,go
id_9gbgh1q1pb,yes
id_bwhnaoinei,left
id_23gofqw24c,go
id_xu6va63o15,up
id_fvcv29x6sf,no
id_141c4ti6zb,left
id_ajavaxgtm8,stop
id_13ccr9sb7i,yes
id_pjfkw3bqq4,up
id_5m2eglba8v,right
id_z9sn85qlsj,stop
id_mbpufsfeb1,go
id_8ry6mek8vz,down
id_w649ki7zdt,right
id_6a2mv3ueu0,go
id_2qc391cid8,yes
id_1p64zhmm8m,stop
id_mv3kibgj9e,go
id_75anmf42rb,down
id_4y33s7ojxh,no
id_ne3lm5r4p4,left
id_xt0ld2pdq0,go
id_v3igpla1bw,down
id_wbgxfceh92,yes
id_qp8o6tfjpn,stop
id_n7h2taku1b,right
id_gn0zga3ftg,stop
id_fpy1yzy6gt,up
id_k0bmqfufz3,left
id_8zy0thxe3i,right
id_kjobrw754n,down
id_ncrr63oyn8,go
id_rvs8ynndh3,stop
id_rih4qi1hk6,go
id_dkwppdlnh9,no
id_48vnei50mw,left
id_9ztys08ytf,go
id_9mb079ydr6,down
id_oqqdp5aa05,down
id_32vwjn8t9i,down
id_4hbp4ohsgs,down
id_n2i240es9p,right
id_t2gqbkmje7,left
id_kinpf1qkpw,up
id_3ytw95icdu,right
id_74rwe3a4cj,stop
id_dh4cwef3d5,no
id_4inuxug4c1,yes
id_egwhfojs0e,down
id_lwlcu33xeh,go
id_l7c7y9qboj,stop
id_19nfu3n8bo,stop
id_ntaks3u8zi,no
id_k86scw7yv2,yes
id_idnwj8my8h,right
id_uj1vhnjw4y,stop
id_p6724mtpua,up
id_nm8bxlcq7x,no
id_ea3yokkxos,right
id_bhihuhwf07,left
id_cbaivcxt73,stop
id_f86c24fi42,up
id_22ejz2kw5x,no
id_acxndjclxj,right
id_f38yvpak1c,stop
id_4s9lhcae7o,right
id_zct6xsumbq,up
id_b8nvcs9q7r,up
id_ptdq27cjfe,go
id_car395rk4r,no
id_awqzs867ux,up
id_r5tz90rj2l,left
id_ylkp2dyl72,yes
id_ijlngjrszd,right
id_nsshaa9aam,left
id_gccxxcwk07,go
id_0zj3yso07x,down
id_08yjx2orwd,go
id_2c8ctvgl53,no
id_q4pdk6pgaa,down
id_s3mvku0471,up
id_65ii7czzzo,go
id_db0kxt8pat,right
id_jui1ljf7sb,go
id_0coqh14n6a,left
id_j9bjcpy61q,no
id_zuklan2kgn,no
id_hmcx4eb51p,stop
id_9ldwd7kxw5,stop
id_56t5zsgi4p,up
id_ur33o3qju1,go
id_34kzkqv3tj,down
id_zycs5t5chq,down
id_mfy26khbtx,right
id_y74jnjew30,stop
id_p775rr6v15,up
id_1cpratvu9c,yes
id_syzveyaddi,go
id_ad5ecqsenq,yes
id_kwjosbsxrd,right
id_drj5nsr908,down
id_44lpncsmp1,stop
id_7n9r0o7rty,no
id_b95v6rez3a,left
id_64x7y2inag,stop
id_5hdrkgbrz4,left
id_ytw98ljqdj,no
id_t2d8x16mn1,up
id_qdxo5t563n,yes
id_plwhjdax4x,left
id_7d98qqjqz7,go
id_4hlvt4gl1z,no
id_h5nlvozgyx,stop
id_54x2d1jlyy,left
id_qdbnkvf2bg,no
id_qru7iaj357,yes
id_tg23wg8337,up
id_4e6vjy8a2w,stop
id_pvnsuklv3c,no
id_hh7mtnkrcj,left
id_hu4yajgci7,go
id_ucxfvpxkfb,down
id_6dbuojie1h,yes
id_px72hx3sl7,left
id_eho4hmd5lo,stop
id_z8zr6g7ggm,right
id_junwo7dgnl,left
id_t5fcqkjyfh,no
id_3gvtompad8,up
id_i1b7ryirrv,stop
id_9016rtwn2z,yes
id_ibx2thjomg,down
id_k8dlxj0asi,no
id_vre0wh5z7m,right
id_umrf92wj24,left
id_x6cxanc8jc,go
id_dmwlhktynb,left
id_1357v4142e,down
id_b130rl2il3,down
id_9v3pgt51jg,go
id_sixll6yc90,stop
id_jhgvzzikq0,up
id_ngpp86lxkt,up
id_o7bq1b02cw,left
id_kdc6zcq5du,go
id_qoamdmzrci,down
id_996f6e6eh3,go
id_vpraftjt5d,stop
id_4cepq41ud1,stop
id_8cr92q2amp,right
id_3fy7h9r1ri,left
id_xoyiwrz5gg,yes
id_escoay6gwk,up
id_huavs9qoun,yes
id_f593estrni,no
id_9bclhr3wfe,go
id_szqghfjtwe,right
id_gs404cri47,up
id_scycef4gdc,left
id_autripcso0,go
id_n667fwq3sj,stop
id_jmhwqyupiy,right
id_bhhrud6h3l,go
id_92r6mczp3s,up
id_uyewk25amx,go
id_yrmossmnlz,no
id_i5jhi0mu8w,down
id_46fgqa4ubn,go
id_q1en94gimt,stop
id_htyz8hoys3,go
id_xl7hrsgmsn,up
id_qogqgi9ckv,up
id_tmskw9j1en,go
id_dt7arobl14,up
id_ox70jvdrxu,up
id_0m5a0v9vgb,no
id_mkv4jy61bl,up
id_ra9jnse1f5,right
id_60pq3azznc,down
id_ufywoodvq6,right
id_k3g5ic3fik,go
id_fxxrb7t5ia,down
id_u0fyegf45q,left
id_7qhwv11h8r,go
id_dxjgn3i5hd,up
id_w4yp5zdei0,right
id_xi05yt1vd1,down
id_uahyjtawp3,right
id_bm0ishodrq,right
id_ut9tenxrht,no
id_6l51odx5td,go
id_wggncq0tbf,go
id_lrhgnngn1v,stop
id_c4w0tj6aiw,go
id_2nmdci6e5x,up
id_ypvck6xvrt,left
id_honvvdpv2w,stop
id_hozxc2fo76,go
id_skofh11m8d,stop
id_4mzfmnft5m,stop
id_9kp1p72le8,yes
id_t7pkalpof2,yes
id_ht0j8wypr8,up
id_64kgoy3m6r,go
id_jy0phzw8bk,up
id_ypt8wg1vet,left
id_kj069xxwsz,no
id_lykyrdl8st,go
id_bljwgxivf0,stop
id_l0b9qf712l,go
id_e7oskevj8i,no
id_clmp34y9bi,no
id_yebi8py5yr,down
id_09euyq2m8i,right
id_hvxvusfc4t,left
id_ywjpmbjel5,no
id_0tbbux8d8r,right
id_cvpuh8nyf8,right
id_ijixi0s3di,down
id_fg8l3924vs,down
id_aj1pswoge2,go
id_txir75kshy,right
id_u259xm6nk2,left
id_3h40gmn75j,right
id_6vqvh9i0qr,up
id_8pw9z5osfv,down
id_7iv069kxq8,down
id_8edwsta1l3,no
id_i9g68u2zyv,go
id_rnl2omgd2a,no
id_r3xy7sy78z,no
id_vl8l2trhh6,down
id_txpzjl4ord,no
id_guphc189i2,go
id_ui86noqeif,right
id_bo1t1l9x85,go
id_en328cgsfr,down
id_4urnpbnr4r,left
id_t50f37fauo,up
id_dymwb6bogx,down
id_8vv6rgkij3,left
id_lkvd0le1td,down
id_bohy66tpv1,no
id_vnvu7w1oxr,go
id_0iltnrjbwb,right
id_h5mtm56oy2,yes
id_f0vbfz9xy7,left
id_1i0mv5ma69,no
id_ptadssgb5n,down
id_h533gs1508,yes
id_eczxgkqcpw,yes
id_pyfdabcyp1,up
id_nhbok8dc8w,down
id_pmwe2dy1t1,no
id_a8wz9puriv,right
id_p84whecfv8,left
id_szu02v22xu,left
id_vmex7et4r6,go
id_xy4189ibyp,no
id_u403b9nezl,no
id_e7at0w3llm,stop
id_zc4lgrersu,down
id_e4o3x3bbde,go
id_ktd24wzuhy,yes
id_qf0csxgwpr,no
id_noby6jj5rs,down
id_kzez274gys,up
id_si4oghnrjn,down
id_rv8k8p5y5r,right
id_v5yvi49b87,left
id_3ljx2gc3tk,up
id_7mpvp3kgbx,right
id_32pn1f970z,no
id_lxeir9mccf,right
id_10969n726z,down
id_f2ro6g2qn7,go
id_w0o7w0d4xc,no
id_xt7rqow6y5,go
id_sk2ljct7gl,up
id_7vqyijfki4,right
id_lg5lns5fcv,up
id_55jhba9rjy,stop
id_s5yrkgfeu5,down
id_pddieutfha,yes
id_fgyy0jkptk,up
id_jjdbx5g9sf,left
id_4589asj1lu,up
id_hwck1jyi54,down
id_9jbwks3kui,up
id_ccrsx5hshl,left
id_2acwctbrce,stop
id_7kog7wdwah,up
id_dc56qyzb8r,right
id_4qz09t42if,left
id_udq7iohfxh,go
id_7y2tce0mqq,go
id_ww5my6h6k1,up
id_joucn0x9jm,left
id_7mbrcllwtl,up
id_nd494tyxq7,no
id_uwdq0m5usc,go
id_mvyu275abb,left
id_f36f3loxyc,down
id_zbbj80wkfa,left
id_3mygb2ug0i,left
id_3at5qleoky,go
id_anpqb596vj,right
id_pmke54f3yl,down
id_yfc1s4jo22,yes
id_kbkjc2lyhd,stop
id_v1z3fep62e,up
id_6wif3uzra0,stop
id_xahnt2l7k5,go
id_ukfb3248ms,yes
id_b3oaqoa1lh,stop
id_rqrgolds9n,yes
id_w57jbktbqn,go
id_7km1fgxscp,right
id_jqtinwv4rj,right
id_uunsewlp8i,no
id_h8whvwolhu,left
id_ccb2o5sv8x,right
id_vo5e6yfhkb,stop
id_isjc415t2n,right
id_d6apqdnhux,left
id_m8rkj0r8ee,up
id_cs64dk6sxu,yes
id_ka9o36f194,down
id_65586v7uf2,go
id_o86mfx1wrk,stop
id_vqcxdt6xoc,left
id_6y20e5ovee,go
id_bgzgviqrfa,right
id_65fegrx3lm,no
id_dn4v6o27qe,down
id_k4rcgw88a9,go
id_t4i0h4fc0k,right
id_100h62mj6j,yes
id_l6zqm189tn,down
id_gv5aznlbot,right
id_0f0o9kquj3,stop
id_k69smej5ua,yes
id_jpl87knxk6,stop
id_rr6uv8aym3,go
id_vu01ga40p5,no
id_03o0ks5k6u,go
id_rzy9vksxsn,yes
id_wullut7mig,right
id_gvo6qsczac,yes
id_mz4pooa7lk,right
id_hndsrd7ht3,go
id_lqjc5o6762,left
id_r276fx1d2v,right
id_gv3464l9s3,left
id_2lxhfzyrhb,yes
id_6yk11z4e5t,no
id_50yazs6ov7,no
id_wxj3p1l9f2,down
id_uj50x9w7bi,right
id_ouw7l6b6r0,go
id_fvd1fhznqc,stop
id_ujg4sj6o7r,up
id_w9sxzx0qbd,right
id_vt3p4j0dir,right
id_mpb9dzan4x,right
id_uvxygcyeqq,up
id_c7j3hpu79f,down
id_oprewwfsyx,stop
id_vhhdk47hhj,stop
id_phyrht20y6,left
id_90r52lvdv5,down
id_ut1r39txpl,left
id_farozbyi5u,right
id_pw3auyshz2,right
id_spy9hk6h8c,down
id_h8ho4k2min,stop
id_cgr68eupun,no
id_b5kjj7wxh7,up
id_m8k57trs0d,up
id_mzzjsk4rub,right
id_5c510spsxw,up
id_2k15snm9tt,yes
id_ijhunqpp97,stop
id_661ijey7rj,go
id_55hmdfgr1v,up
id_yo0dw1nn0q,right
id_dd2cm2ttu2,stop
id_8231xjeew6,go
id_e2lw6jn1iy,up
id_14jnttligj,go
id_f0gxa9uvb8,left
id_ui0f2gdqce,right
id_6ell3msj42,yes
id_vb5l5avcn0,go
id_n1zyhvlz71,yes
id_00qlo653d3,up
id_uvv1pu7fwd,stop
id_qyxs0dludh,left
id_fxx1rxip1m,go
id_f20m7a7714,up
id_zuxxivhvki,stop
id_oajdd31d7b,up
id_orijz6t08n,stop
id_uesmhh2dje,up
id_akz6m5bia2,down
id_vm1d1zwtxf,right
id_f4wrsr3ys4,yes
id_fynho77ni6,go
id_k1xh54n8pf,up
id_yjz99gr1c2,right
id_njf8bi3ecj,left
id_lg06bzz80z,down
id_evo3fxefpl,stop
id_n4tveni0oi,right
id_tjr7wuvta2,right
id_lote7m5hq2,yes
id_nzx9uyawi4,no
id_kbyz0mzr7p,down
id_14my0p01vh,go
id_zs5bs3axen,down
id_yyjfixf7g0,go
id_1rx0b6dxby,go
id_tf8pmuz7p5,left
id_k6lc0z37hf,no
id_qbi6lajw8o,left
id_wa9i4zddhp,up
id_wi95pb7imx,go
id_kbwa4gkdyv,right
id_u8yuotue7e,up
id_o7edc8q88h,yes
id_qou4k3ufx3,down
id_z8f47kdyph,left
id_phzqo9uo8a,go
id_or8c6gzsa3,no
id_bnv0ofu38t,no
id_nlj1kxkeic,go
id_hfyheleyxb,up
id_eirxqlqihi,down
id_9a717cb2ap,yes
id_ujvpt4hcwx,go
id_4jv9y177mj,right
id_rd9gk9j593,up
id_ul9uzox5pe,left
id_5wsisdfocv,right
id_bpsw0ii76y,go
id_c29qqo2uub,go
id_ktkn3090wn,yes
id_n2ih861kcq,no
id_9coe5iy3jq,right
id_w17qlrwp6r,yes
id_9ux4vijlnw,right
id_hfig6f1n4f,no
id_402rcjjj03,down
id_i38fer6duk,left
id_40fgepea6q,yes
id_qqg99j79ul,up
id_6siyctj4p5,down
id_ve3df8parq,left
id_q0j3clcvvq,go
id_ecae4c46w3,down
id_hjojqkvkwa,go
id_fjgqpmtg5w,right
id_sn2obmgmb5,stop
id_50afjxnalc,yes
id_abwxqpbbot,go
id_slmmx92tms,go
id_0hodu7vtk7,no
id_zvrh8rzcsw,up
id_ld0gkks2ey,no
id_isb3uodlpn,down
id_99d2h6uuzq,down
id_xp6vubqtb4,stop
id_l9i1ty26c9,go
id_mqm074mh3s,left
id_cjssvhq0hc,go
id_0k9pzw5h42,left
id_anhd8ebdos,stop
id_dju15ebtn0,yes
id_idfvhzs9dx,go
id_u5eeduyk3h,stop
id_bqn6lx0281,down
id_00nzzqlzij,up
id_z0dfqkku03,go
id_dloyqb7wbz,yes
id_fthl4ljfsi,no
id_2tu8lu48ul,go
id_im393qytmk,no
id_8e2qylr84b,stop
id_wn7a8bm7rm,right
id_u69suufq1m,left
id_2r3h6cqpd3,go
id_4r3r6ql73b,down
id_533tzechkg,left
id_213q1qn740,no
id_k3btfgpez8,no
id_qcr9o7507n,yes
id_186ox03pxh,go
id_rnpik44tq0,down
id_lvvozotyke,stop
id_6gr4afaeqc,up
id_pjnd4s634r,no
id_isnpnht1h4,right
id_ln3ccjfgat,down
id_eulh9fh87t,right
id_o0qusdyw3r,left
id_kqrrf0r3xu,no
id_4gllxqcd2b,yes
id_x5myq4jmzv,down
id_3ht7tfadfd,up
id_51aayrrufl,yes
id_340z1j5gyn,up
id_fpj798fyz0,go
id_sxn35syodz,up
id_pq4s875thn,up
id_rpsei32df6,go
id_myt89yjp0t,down
id_mwxmklcwe0,right
id_6nt6jbyqqi,no
id_y1xl31rv4b,down
id_q1yhvptpoy,up
id_d6k3h9ywbo,no
id_ut21dts3et,no
id_m5q4ly597u,right
id_m64ordzrxt,yes
id_ybzr4dq96x,yes
id_d3i0tsasjj,yes
id_sfx0i35uk9,stop
id_jawizipbbe,right
id_q5elpr77cb,yes
id_3mtd1etrc1,left
id_y7p9w52gpf,left
id_a1ihhhlayx,right
id_i8hubwxm2g,left
id_0knrunwtxt,down
id_1ctjhln7bt,go
id_lqis94h3aw,right
id_jnz4im0wo1,down
id_dzv23ji8og,right
id_77no6syst3,yes
id_fhhj7l8n6h,up
id_q80ac0awvn,left
id_ay417hfn1t,stop
id_bo70souiu7,right
id_9rcklsa6kd,no
id_b0jan0ttnn,stop
id_4gzlvz3g7d,down
id_zbjlajm729,left
id_wv15n8p3uq,right
id_9oqge534r5,yes
id_rhodz14knw,yes
id_2jm1avgiky,left
id_z35ptepr09,down
id_7xoy5otdee,no
id_5h1hggdsej,right
id_6huuq0xs7q,right
id_so1djgsczj,left
id_tvppuvmn4x,left
id_gj8tiq2lw8,up
id_5zrahgyq7g,down
id_a0rpyf673v,stop
id_yuvsdi3s54,up
id_rumf6ll8ii,up
id_7r1nkr31ef,go
id_1dsxagq22a,go
id_js9rat0lhw,down
id_c87vhp3c8l,stop
id_lbbqyvarh8,right
id_pgdc3ox6er,go
id_tg5ehkpz86,go
id_nuhi9q87iu,yes
id_dsax2vl8q6,yes
id_aqm5029mpm,down
id_nrzfewr9ck,no
id_9pytsx2pco,yes
id_khsys75c23,no
id_cmugn0xsmr,yes
id_bkum8f9tua,right
id_lfpfxspgrh,go
id_ik2yxjz4pu,yes
id_fgi4ezmdi8,go
id_yscta3o66j,down
id_w2qqtqjv04,right
id_szpp0k1xay,no
id_icu44ds50u,down
id_v38ebddtj9,yes
id_x73el150ua,no
id_d45t14c77d,up
id_4kqr43b329,right
id_jdhaida6dn,down
id_vrsnyn9la6,up
id_6hgafzt5ol,left
id_3u3ut9xt43,down
id_ciyq11v0qw,go
id_kjymh6tu0h,right
id_4qad40xhfd,up
id_z8nyl3uhew,down
id_h8u80mcay3,yes
id_6pb54mqiyd,down
id_e300xicxf1,no
id_yvwxw0ul86,stop
id_ant4gthqw8,up
id_4et3t6kcn8,yes
id_y4gyyz70zo,up
id_0xerzb83g8,left
id_1vh1sim7sn,yes
id_nz660bej91,go
id_syg8uftl2d,stop
id_8arbuml0g5,down
id_y73w9dwas0,up
id_r8y72zaz2d,go
id_4xlr4flb3n,down
id_u1fpy7bdz0,left
id_wfl4mb6gm5,up
id_30lkj3ptv5,no
id_369sxzelex,stop
id_ql13dcs1zn,up
id_4ywx2wkau1,no
id_3daxl9quwn,down
id_yftcpi1rx2,down
id_x99bcg08y9,left
id_30a1smg32w,up
id_iar0fifb1a,stop
id_0axvf6zk3v,up
id_50jb3ar8cq,yes
id_h4ay1o8q47,down
id_yzbkcyx3ru,up
id_i3lnu1rh3d,go
id_rjyhb8ofx8,go
id_cy8blvj8dw,up
id_t8zvs8hrj9,left
id_627p54qmms,left
id_b3bh4tecnq,stop
id_svaiuw54zr,right
id_zdeko3c6d1,up
id_ofu3sjthrb,go
id_vgca3j0ukg,go
id_ecznr5s594,down
id_5pqvgwpczi,yes
id_s86h83yoqv,right
id_aplmfb981a,right
id_z9biiki0uc,no
id_sth3p66r6c,right
id_s5tenwgdes,no
id_ahdvfkbuc8,down
id_h0law2mjvg,go
id_vjwuoyxyg6,down
id_uhgo7fuzy8,no
id_ng557vukhl,right
id_6shkidzo9s,up
id_u13m09a40j,left
id_6p1skmmvo7,right
id_iob9dtvk8g,stop
id_4x5op7llug,go
id_4tdwgydjgj,go
id_lpmynxnj0k,right
id_laioj9xd1o,stop
id_hj2q9phf6h,stop
id_mtb8bt6gt1,down
id_d642wcuv8k,up
id_fsd1jhyrj2,left
id_18h36pahxb,down
id_jrmc6dfujy,no
id_4g6g3sgni4,up
id_lzxk55onig,yes
id_efoue4a78b,down
id_lf0kkcyvqq,down
id_m5hd7l42ms,right
id_cjb1cx4ay6,down
id_d8rv5zg743,right
id_zjwn93d429,stop
id_dicggogbct,left
id_53siuob8mt,yes
id_5j7ypwfby7,go
id_u7bo43rg38,down
id_5akoxmaru5,go
id_a65mxix6ah,yes
id_iqt8udvsus,left
id_owypxkscq1,left
id_tdmftyxp9k,no
id_hxzaiq88gm,stop
id_izupo8ww29,yes
id_lk8xifh2p5,go
id_0tpjo48b9i,yes
id_cq76wvp95f,yes
id_id9rl0wc90,down
id_c84t21uw1m,stop
id_4ae07rfilg,up
id_pnci7li7q4,up
id_w03yn0qqpr,no
id_p90ooezgda,right
id_81k8yttqca,stop
id_gkvcjjg1z0,no
id_6xigdu11f0,right
id_lz6t4md463,no
id_obeyt67n3u,left
id_5bn21jnlje,down
id_mprg33wy3g,go
id_y5gbvd521r,go
id_2xqa2njb67,go
id_kbs7x8jsov,up
id_enszpv5jja,no
id_1trdyu0w0l,up
id_7in5rrmgzh,left
id_ngcp05nyxg,down
id_p9w84jd1oq,right
id_ax3goz20fk,stop
id_w6mthbzyf4,yes
id_9r81zam348,up
id_bubr2eejdz,stop
id_7g1hpoggxd,go
id_p3w36gnbgn,left
id_24yxlhd2xx,yes
id_36h93p0fg3,down
id_kew9xt8zyn,up
id_se2kn6xsh1,no
id_456i0t7hto,up
id_lx0h89xkvn,stop
id_8q8iufwb8j,go
id_q7guk1bu0t,no
id_2vbj7rfa7m,left
id_8i7au2w89g,left
id_ieab5btj77,go
id_340vev0qib,down
id_j1a27u8x5j,right
id_65enbqlqv6,stop
id_brazfekzgf,no
id_pjx9aigzs9,stop
id_ocfbs6yvmq,no
id_v2yc1edjjh,left
id_i6sov5nltc,no
id_5apzx0g2n1,go
id_xuogiow7ri,right
id_5y302rmgqp,yes
id_fvhvgl18bs,down
id_cwsoeavusf,up
id_kav19rqoke,yes
id_7xww0z91ul,up
id_eh9pj9wn1e,left
id_zi4hdi7jlp,go
id_xquojmiihb,stop
id_1ih3vchiql,down
id_l6kz6vomni,left
id_tivckrctkj,up
id_3tlx5xuino,go
id_knnv0pz0s8,go
id_zf18fr4kjb,stop
id_x6vugtflre,stop
id_xc6hu351jm,right
id_o0nlt13yvz,no
id_blgapq9uui,no
id_ekp9o0leg4,up
id_h8uds4qm0u,yes
id_7eyr3qk5p7,no
id_85nggapv4z,go
id_xlkwhwbeum,no
id_vga57qz0ym,left
id_30xw3yzw56,no
id_1bwqvrdssr,no
id_41rozu5l34,stop
id_ltxut18w0w,no
id_dgzfxd6jvs,left
id_skdqbi3lz3,stop
id_5flg3jrd2w,go
id_jzth9udkis,yes
id_acd7t0puj0,no
id_8cv9h589fp,right
id_1dt1swdjr9,right
id_r4klvvjofh,no
id_mze1uf5lhw,right
id_s8z27tztaa,right
id_0uv2mg5v4n,down
id_obbmcspxjv,go
id_urfnkxjt1o,yes
id_gva7mghw21,up
id_j0ffh6ced9,right
id_r7w4qu0cxl,up
id_h5q91jpgfy,yes
id_ed5mecpolu,left
id_nuuavob9xy,left
id_8iwpjib1ji,yes
id_hmstsg9hw7,go
id_0gcqt65jj9,go
id_gijdxfe86p,stop
id_6kmt3ssqws,yes
id_caiqtg4abk,yes
id_3cmbek2ldv,no
id_n3zly9o75s,no
id_o7p0k2in7b,go
id_xfu1mxcy6a,yes
id_xtuyaec70a,down
id_zl65gqy452,go
id_5pt4kyleuj,no
id_5uvwruwb0o,no
id_8qvbb58opx,yes
id_6xpvsom46f,down
id_3wmiom87je,go
id_hn2o0prtrt,left
id_xbgkr925h6,down
id_ttwjsvemzo,stop
id_cynodp1pqz,yes
id_m0gl5sidh2,no
id_eddzls54wo,stop
id_3vfo8h9hbi,right
id_wrm05kg6r3,up
id_kqc38sax4y,go
id_qv3mpzaf8k,up
id_rcq62k4339,go
id_rl4erxmh62,yes
id_wtzlg708s8,down
id_4oxj1y7j2v,stop
id_mx5aa0trq9,yes
id_5w3063aoal,down
id_rt9sop4w0r,yes
id_04gm4kubsg,right
id_p0wi6g14h5,no
id_0l4ki9ov1j,down
id_gke5qys8gy,up
id_ymodnympfx,stop
id_awj72k6xzm,no
id_n63w4mjflv,right
id_jmejt3kux0,up
id_msk5pkoo3w,down
id_65gxeiw9rw,right
id_oesuoxod1x,yes
id_rn6123ccq1,down
id_ftm4snuydo,go
id_ws9hsjk5xa,up
id_5zw2mwflso,stop
id_5n1v2qdr4l,right
id_k921z3fkyy,no
id_w1j3o31i2c,go
id_yi8mqo50ju,no
id_9qe6ya8ra8,left
id_b9hg2qfwew,up
id_c8xpev6y5o,no
id_02pjjcupy0,yes
id_xet3gopf9k,stop
id_orwqjyenpr,go
id_hvc4vgqo45,up
id_op3ptfteax,stop
id_unfqqah7sh,yes
id_5an5zhh2j6,go
id_lmzzm6scee,right
id_qt2df03ov2,right
id_3s0m4eg7ol,left
id_y8jdwcimah,up
id_vv7cgx9jrm,yes
id_vqjubvjfwu,yes
id_522v7f1waf,go
id_5h4jaxyovd,up
id_ypotpm4ivu,go
id_010ri6bmxo,go
id_eejdhtbz7d,stop
id_b5efxi0i47,right
id_a8qjx41aog,down
id_fkivo2nkod,left
id_e3pvzd1aq5,go
id_2csn25essh,down
id_qia56d11aa,stop
id_8un80lowg9,up
id_lvvaljlmzq,right
id_r09bbe0svx,down
id_udkzjcby7a,yes
id_5vlt2x1cx6,stop
id_yhvozcz40e,left
id_qahpfkwx17,up
id_xga0tqm3ha,go
id_sfrltmhpq8,yes
id_tljen2eovv,up
id_sib31bf6yl,right
id_sxpzz5yyei,stop
id_qdrrzvc1us,no
id_h8dv75guji,yes
id_fe84z8ef2h,left
id_bsn7i5ggrt,left
id_iffdiufxba,down
id_xjfpu0e3yl,right
id_8bv9evsxic,left
id_39ozpobg7l,down
id_fop7qo05p2,down
id_h3x5xftr3y,stop
id_918pf35r2k,stop
id_3tqzieb7cd,left
id_jydqjh065e,right
id_l4mftemj6o,right
id_tuhmcubu4j,go
id_v21uxtxan9,yes
id_jgykf8hjjn,stop
id_p44pzfopi0,stop
id_bc0rs1nl26,up
id_md2l2ycvd6,go
id_mr7i8phcaf,go
id_7tgxxnng9s,yes
id_nv7znkfwwh,down
id_2ksvtt8rve,left
id_ql4bmf3lf7,no
id_av1exi0xgz,go
id_hwvqsmard4,yes
id_hwb1b9x4ya,stop
id_0b7dfpjymv,right
id_g0uhroq16m,up
id_11lxey3h3u,down
id_jnyvpf3qld,no
id_nks133nygt,right
id_i34ftryy3x,no
id_2zatvztum7,yes
id_dp5fgxbd4g,up
id_u7n5qjpkam,down
id_rnw1mo2z3d,no
id_bnfx9pvd8o,down
id_ywz8vdsocm,go
id_jsl1ud8u4m,yes
id_ybq9u8hctz,stop
id_fn9v9nq1pu,right
id_30bzp7ivwq,stop
id_fuqrasyfn5,go
id_u2d6wgxixa,left
id_46etsetadu,go
id_ek4c61ygxr,no
id_8bpz6zs50h,up
id_af8a84mez7,down
id_67luc5ad84,go
id_cb7dz1clcz,yes
id_soo62d0132,no
id_6ozbtsr2b2,up
id_3hzqv3frfk,down
id_7r3jwndlu2,up
id_8jl27siga5,left
id_0pldv00si9,stop
id_4h9vndxu45,left
id_injtki4g4i,no
id_mzyc8jfh09,yes
id_vlav37fd05,yes
id_4hk2z3oct0,down
id_nl495jziyv,up
id_zbq0jdio1l,stop
id_xez3f2oi2r,stop
id_dl190qbjcc,no
id_axuy7fbv7e,up
id_xv92nw9awu,no
id_hjwu35k4w0,down
id_cgljwj48p6,right
id_9ihdagezf6,up
id_hxq6to3cyq,yes
id_gz08a6guyn,stop
id_rdylmtgpvc,yes
id_5qr3mwmmz0,go
id_wx8vbdijee,left
id_4yhghjgyo4,go
id_titjn11lfy,no
id_uu69j3q7hq,go
id_2x2qvprabl,right
id_59tynadc5b,up
id_21lm0mixxq,down
id_om3hk4uegr,yes
id_npg55xarh1,right
id_mrru3q7gj6,left
id_swtsnh5mb7,yes
id_6v5ptkvess,left
id_y0ns4tq3oi,yes
id_m4sc8qirb2,stop
id_bcwm41z5ga,down
id_imcd8shwq8,down
id_quxj3dukbw,up
id_rk7z2g6h1d,stop
id_1gyhwehprz,left
id_tej66acqbt,left
id_driklv892y,no
id_jrp7df25pn,yes
id_92shk9hqle,go
id_r3dgx2jejf,go
id_dz7n1ucn5e,stop
id_r7r72kwxna,up
id_p1ngxvajv1,left
id_k0lco0zfxg,stop
id_prxkfh3etk,right
id_leei9h8s1c,up
id_kltapvpea3,go
id_wxu0439mm7,no
id_mccmnromd0,up
id_f3ooluldin,left
id_sn05tae02h,go
id_1kjyxkvih1,no
id_zxfcrntsyz,no
id_qbmexirsg0,left
id_sjuwibk67h,right
id_bpyqu8cypy,yes
id_w3b04ktgpw,right
id_uornjlch18,left
id_7dxbi5o2rb,up
id_eihixenimx,down
id_ijgj3nxh4f,stop
id_jwgp3o3pmd,no
id_6qxmxu2e0r,no
id_hmfdqflhky,up
id_jlw4pamx22,right
id_hozhz47v15,go
id_jjkpzi2say,stop
id_oysoje74xp,yes
id_xtzbp90bac,right
id_y97sdhjfr8,no
id_2hgmbnz531,no
id_avl2xo49gu,right
id_6ns0f7j3yp,stop
id_g6g0zozice,stop
id_es9zjk78yl,left
id_s58y21nt72,stop
id_ktgyxzftll,yes
id_ih38p6kxx9,down
id_oko6noyda0,go
id_f96f7ew1n2,up
id_0q2r5ssu8s,yes
id_m3w3eebg36,right
id_v57htap4aq,no
id_gfrn6ypahb,no
id_ysy6biuugh,go
id_ri3gk1zz0j,up
id_8gl7kegu2r,stop
id_vrtbhseldi,yes
id_htvwgui1vo,go
id_j5yfs6xj7b,right
id_jd362744ox,stop
id_ly2pxb3h97,up
id_82nds1t4qa,right
id_4zaq965nqm,yes
id_iez5vufisj,left
id_y42xqazpds,go
id_4qufyktv7b,no
id_4onseuq82v,down
id_xnffp9aq35,go
id_2vusi4lp5b,down
id_p9v807xmeb,right
id_apxors9ysd,go
id_p6351twqgk,up
id_k93rf83fky,up
id_mnhdpvrz34,right
id_om41txj2e5,no
id_7scp66rtw3,down
id_vrnwf2vj8i,right
id_e3694efi8d,left
id_dquoqm0gj0,yes
id_tlxqqng8or,up
id_wyradkxglm,left
id_gbq4hiqfcb,left
id_mxndqz1qef,down
id_55ztlobl3t,go
id_swu0xv8azz,stop
id_7mh0gokv6u,up
id_wgmq7obo84,no
id_bf9xndoml3,up
id_0yvc51nn4q,right
id_wz78ja2c9w,yes
id_95qdhfo4g3,down
id_u1m7gche92,left
id_ruz50ds9uc,left
id_vgxtee3ewj,left
id_go1jfgxdjr,go
id_dmlg2he2ko,yes
id_irgnze32ud,left
id_wg6ex4fe16,down
id_txi7hmbfx2,left
id_r4c9nucnrq,no
id_fsxtye5yym,go
id_vlchkj8voi,down
id_r7s4i0qjbg,go
id_lhz4bwii4e,yes
id_ry5ey9cif0,yes
id_73ili4mcqg,left
id_ktxk1lgaj0,up
id_f9jjb6o3u0,left
id_qi4rtsxrmj,stop
id_rajem96dgv,stop
id_7wn0s7k1e4,stop
id_p9iqmn20es,right
id_90g8aosidw,no
id_w9wbknht54,down
id_0gsd5ro5bn,down
id_ewok6gjl28,down
id_7a5jnrfqdn,yes
id_oasrpv0vd5,yes
id_5udaskscte,stop
id_z08gcmkwn6,stop
id_ask7nm7oxv,left
id_fmi1xfdlxb,stop
id_v5ucqmywst,go
id_6p96nlmqwv,stop
id_71v7s58av0,up
id_wpjwl613ek,down
id_c3ehybinig,no
id_9409qum205,right
id_16qj4glsw6,go
id_biv645tbck,left
id_bzh7ovzfqe,no
id_ef64a3y68l,no
id_x4bijywn5k,yes
id_717anzy2bv,no
id_pj8r7az67n,stop
id_286dfkpkli,yes
id_umzc7n6blu,right
id_3b5itvfm2a,go
id_25uyxv2dpy,no
id_4k8jxhf70v,go
id_oyobbvtwlw,stop
id_9umxo9184l,down
id_u67pl9ylb5,up
id_j1q8aj420p,up
id_w6upuh7072,no
id_w7qwbswic9,yes
id_w3t751gkid,left
id_c56kxh2l88,right
id_hc627ca7uh,left
id_3u3pftugo4,right
id_st4xyujypl,no
id_bbvcb01ux3,up
id_2ufcksjrsk,down
id_xow5834flg,yes
id_0wo6wrieho,right
id_jqhvg4jv9w,left
id_o76jm4eyiu,go
id_jubmx8z02j,down
id_cs3agaafsd,stop
id_18vbkwx8x5,go
id_igy084sdpu,stop
id_hd1zi1qn8b,go
id_w5wbr3b3kp,yes
id_agk8t66nfz,go
id_84y5c1mnz7,left
id_vogtjmqxh8,down
id_wk4eg0q6lz,left
id_pun5qh0cjn,go
id_moqfran6b3,no
id_qaaejuy28g,yes
id_7gm7n0ixq2,no
id_hhuxl2bahe,down
id_h16km3xhuv,go
id_xhlfrdrpa3,yes
id_1rjrp1sq0e,down
id_9nz7t2cy7d,right
id_7jm2ipttde,left
id_mcr3nth4bb,stop
id_ezrs909v9e,no
id_ieli633x22,stop
id_ou8cgd92zk,up
id_v38yd1y3vi,down
id_ojcouwbtpr,stop
id_qzka6i3v9b,stop
id_xlazm7kgj6,right
id_uowvfpf67c,left
id_28spjye45q,no
id_sqngj8gy92,go
id_88lul1yr28,go
id_3o77si0fis,yes
id_wnry3lpx0c,down
id_vnd5dll4a4,no
id_0e6atuxyik,go
id_zik49riw77,yes
id_111zu6ad9t,yes
id_gm1lp4tytl,no
id_64e2bzkzot,no
id_6cohhfz6rn,yes
id_n57pla755z,right
id_iz4nwlccaf,up
id_3vjah4whq8,stop
id_j8936tjckr,left
id_xl1ks2f0yn,go
id_lcf4aoq18m,yes
id_pq3z4lus37,no
id_g2zmdahzz6,right
id_8s5d7kbkma,left
id_ov7fdcf41v,no
id_brb1arsd2d,stop
id_nulfelcefm,down
id_d7q1ejmt6p,stop
id_mbxysx3swy,down
id_tita0h5k4i,stop
id_idr6rrubw5,left
id_35t5y0hirt,right
id_u8jlr65xgc,left
id_haqbw29sdy,go
id_sn4hbynjqm,no
id_3ob7xle7o4,left
id_9s4didasmq,stop
id_dhh1zr9sv0,no
id_grcmd250fe,go
id_hokd92y242,no
id_c07k1a6t5h,go
id_b0htgj71bn,no
id_w1e8olov9x,go
id_fspsmgz71b,no
id_a1ml59js20,down
id_vae27i4teh,right
id_gi7vyz9tga,up
id_cl7yvqdiay,down
id_47lchlghf9,right
id_12avb7j45x,left
id_tzegudvxdw,stop
id_eooj1jjff7,stop
id_s3gk5xeddu,yes
id_rkdggnuner,yes
id_ti2gnofnrk,stop
id_tvqki8fqy8,up
id_gllgre0mmi,no
id_7e3sdcs0yc,left
id_2ogast7ryg,no
id_98xrikkgyw,no
id_37cpxlp7kd,go
id_831ngp5vwe,no
id_f831318vt7,stop
id_63fqecr4mu,right
id_5vpmep6d0k,left
id_gou2p7kd85,down
id_v0uij3nby7,left
id_qezd1kodnb,go
id_2uksi3r6ms,yes
id_ivwn0uov65,stop
id_ow7ckfccd9,down
id_sfhzkl3xdn,right
id_2jp9lk59vr,yes
id_ljz1ojlm4q,go
id_z1oxp5xknj,down
id_j452p1qqnn,down
id_nr0t328uip,up
id_w9nicc040r,no
id_rfgv9kzolr,stop
id_5jfhj6onk4,go
id_mtr8n3gq7r,no
id_ycq15qjp8k,go
id_t64rl9slcb,up
id_6bznf36f5m,yes
id_i72lnu0wtc,right
id_e53swr0jq3,right
id_kshwp41in6,down
id_vf61zg7rbt,left
id_uvu26u4dx7,down
id_x33imh0ont,left
id_n3792s8wk2,down
id_121htjv3hf,stop
id_xulyfk73mm,down
id_g8z7wtu1eu,left
id_nqrcbt6j3c,down
id_6liq1c83b5,right
id_uca2rsftm0,stop
id_ez7555crl4,up
id_lv861fkgh4,right
id_6ftefr3ahq,up
id_qpctzfy1vi,yes
id_5vn6fi5fp0,down
id_q15ff8dad9,stop
id_l89fhgnxg9,left
id_fk4duszw7g,no
id_ren7pqrkeh,stop
id_sl610ylp71,down
id_gfdqc2itrj,no
id_obu2r8ajxv,left
id_3wes8x73rf,right
id_hr0qyxvmhq,stop
id_rpvhav2f4h,stop
id_o7w4inm2n3,down
id_msdjksptzz,stop
id_n1yi9zjwmj,yes
id_x72k84hv76,go
id_hxytfglbst,left
id_mj01u1u62n,no
id_qlxphdh22d,stop
id_e4psg2p1pb,go
id_h0tkhrdl29,left
id_bi68wfubtp,no
id_968rk2tez8,left
id_0csgdazo1f,no
id_jbjznbrrfy,yes
id_v46atnghmk,right
id_ktr1j4f561,go
id_cm3izg66d7,stop
id_evm5tdxwqg,yes
id_u3na6swjbt,up
id_e62yaqg7d7,up
id_z0rxq21ry3,stop
id_7zzk6eufjo,left
id_myd1a5ywjy,left
id_zr2s1dv4tq,left
id_66ng7mtdwl,right
id_rw6yfqdbys,up
id_8tsj02a4ui,up
id_ujkejowylz,go
id_m1qac6dn8p,yes
id_733cz4vmtg,up
id_ir36carzj0,down
id_lwnx133o2j,up
id_im61jg3826,left
id_p4oy6xm0wa,go
id_ltpqmzbs79,go
id_qch42sqknw,yes
id_hkv1xx055c,up
id_z8pdjas1hi,go
id_vyxovt4pvs,go
id_nuf48bttmo,up
id_ins7gijuvc,right
id_244gomc1dm,go
id_yu2b7k65if,stop
id_zg5bmtp7m7,go
id_vxpsy76ix4,down
id_jpgx59qyk7,left
id_t29mreeb1w,down
id_d9yfmjql8p,left
id_bmt8jpm6cm,yes
id_2rfkvy6wnp,yes
id_e6chzwjgrv,down
id_pasr2jdawp,stop
id_tb9rivmij6,stop
id_7opifm2zyn,right
id_cbhdswknqb,stop
id_xabr9f9yfl,stop
id_h9dmasrh12,yes
id_gyzut5dho1,no
id_7kank1pd9c,right
id_qp182ruqyq,left
id_574t9wpjop,down
id_6e6oz5tn04,left
id_8ddzkzsglq,left
id_8p6qiiog9u,stop
id_d57uytdou4,left
id_un0y93qdmy,left
id_kfp20xlz0r,right
id_9qgws7bbm8,yes
id_bwjymb2mua,stop
id_xwhhm9i538,yes
id_ixzpf1qoeo,go
id_lgmrt7oo30,stop
id_lash6wjplp,go
id_jzup2uwhha,down
id_8zu4zm0hxp,left
id_snamc5btb2,down
id_9yoa96yu2w,yes
id_4eneyv141z,down
id_1aovsb0wt0,stop
id_zz69jshamm,right
id_9u8amdsmnt,down
id_ryq8jgokot,no
id_da2lujik4p,up
id_v49ei3d237,right
id_1squ3uq2hl,stop
id_o2125wuxqq,left
id_2ufc3jw9pt,stop
id_ubp3ozw48u,left
id_twnqjy4kgd,right
id_2t4tgodogc,right
id_spi1i144th,go
id_p3str3is6a,no
id_k32mr17uwm,down
id_l876k4x62p,stop
id_fzc9zbtpu6,go
id_8cp6u228nn,left
id_1y6z1m8yr5,right
id_hls8oltzl5,right
id_pz2x4h0v6w,yes
id_tr5qgel9il,right
id_cb4oibrn1r,down
id_wvl15rt8bg,no
id_74qid9eem7,up
id_tvxl8un78k,no
id_r4jn9ovumj,right
id_r2w1dh4xqa,no
id_f64fcollkb,no
id_7e087cvk2k,down
id_5m5810zwgg,down
id_j80pqopbol,up
id_eqpvnz7cg9,left
id_f73emuul4c,yes
id_90buhr5fwm,yes
id_x5uitripx8,go
id_3kifwovlsp,stop
id_dj0u43rnv9,left
id_eauut9fk02,stop
id_x2hz3p1812,left
id_urddje2ldx,down
id_iq994tbjij,up
id_r0v6ofejoc,up
id_hqvj8bmw14,down
id_yxfk0u3p4p,stop
id_8oog9hs1x7,stop
id_iyj7a9u7ft,yes
id_8q01xtm97o,up
id_lxto6xx87j,no
id_b39y0cznlm,left
id_sl44zcjyxd,down
id_swk9stf72u,right
id_6mfv3jjtb0,yes
id_evio8smpki,no
id_fkdknevwza,yes
id_ssnxu4lpe6,go
id_fu0whlh2gx,stop
id_o8zudx447l,go
id_z4gghyryg2,no
id_10ljvtfwi1,down
id_yhwlv2svst,go
id_rhscfe9add,go
id_9qh41jyq6t,stop
id_1yvepetuc1,stop
id_a1wv3di8ln,yes
id_kzsl0m9e4a,up
id_4wq1sys2iu,left
id_rplm8x19mu,left
id_6dd1v09959,up
id_ilipj5d1i4,go
id_3i5mr6yxkz,down
id_doza10yotk,stop
id_kstpkx98i8,stop
id_8w9ccwmokj,right
id_pgv55isbr2,stop
id_zpzy3icxou,down
id_n914ebqk6l,up
id_3u4uwdfnpc,down
id_tb2x0bx0h9,go
id_aj4c0tyl04,yes
id_5gjowp4cgk,no
id_wwys09z1f0,no
id_5eqe3nyoej,up
id_k6tbc149b0,left
id_flz4omkkmv,up
id_l9tq1jydmj,no
id_btix3wprvv,no
id_ux7psacnyt,right
id_r85uugzgi4,no
id_cfv75jujnt,yes
id_y6fng0i891,left
id_l5vty54ci3,up
id_o6aizo34dq,yes
id_hvb4syv17c,down
id_yvnvnkaa85,stop
id_ompezmzbfc,go
id_2ry7azb61g,go
id_mztwt23aq8,up
id_ikpknfvn0v,left
id_6keuhzdd2i,down
id_r0lgl718k6,no
id_bqktz4nw3p,down
id_qsiolezh35,left
id_5vi5p2boyy,left
id_3w7gosm6nd,left
id_v2f9i4xcdd,up
id_cq5iiwkdv5,stop
id_byoq2y1lu1,up
id_7jg0b3yxr9,go
id_5w2du26v9i,up
id_zv0fgm26w1,no
id_94fl9l908a,go
id_m1hf30n25m,up
id_75xp823obp,right
id_mor8rf5eta,left
id_apiqhhp6xr,yes
id_jugpz6hu3f,down
id_jo0c4oqbxs,up
id_85mo6veelo,right
id_h0q875moi1,yes
id_nhnb5znr07,down
id_p0hr4lnyf9,right
id_o5xqlf50la,down
id_u86j8v6auc,down
id_wqjueemylo,no
id_7bnmo7c018,up
id_1ek4pg9maq,left
id_bi3cdd5pow,go
id_radod0chz6,go
id_2va3qogma4,right
id_d3toly8p40,right
id_or9ukf9t0o,right
id_aladwqdh2h,yes
id_zr1acjugsc,no
id_20avj48q1j,down
id_uw318f8pku,left
id_jyobx86xoj,right
id_nugneci93h,stop
id_8ueeo6ucea,left
id_tu7vk9kuiw,up
id_n9tqvxyzaa,down
id_ails4esp4k,stop
id_t1exbtriut,no
id_ws38ra5aty,left
id_0kogqjnspr,stop
id_nd3cttgynu,left
id_wyl03z2s3u,stop
id_f71df0zllt,go
id_gx8hrglpc9,left
id_9bxbutuh8z,left
id_d0tudlf5gn,left
id_xuwlsfztrd,right
id_r9hhykh5gc,up
